{
    "__comment": "Made by JustKirill",
    "display": {
        "title": {
            "text": "Play 100 games",
            "color": "blue"
        },
        "description": {
            "text": "Dude... You are crazy!",
            "color": "aqua"
        },
        "icon": {
            "item": "minecraft:emerald"
        },
        "frame": "challenge",
        "show_toast": true,
        "announce_to_chat": true,
        "hidden": false
    },
	
	"rewards": {
        "function": "puzzlewars:advrewards/2000"
    },	
    "criteria": {
        "1": {
            "trigger": "minecraft:impossible"
        }
    },
    "parent": "pw:50game"
}