{
    "__comment": "Made by JustKirill",
    "display": {
        "title": {
            "text": "Play 1 game",
            "color": "dark_blue",
            "bold": false
        },
        "description": {
            "text": "Play your first game!",
            "color": "dark_aqua",
            "bold": true
        },
        "icon": {
            "item": "minecraft:stone"
        },
        "frame": "goal",
        "show_toast": true,
        "announce_to_chat": true,
        "hidden": false
    },
	"rewards": {
        "function": "puzzlewars:advrewards/50"
    },	
    "criteria": {
        "1": {
            "trigger": "minecraft:impossible"
        }
    },
    "parent": "pw:root"
}