{
    "__comment": "Made by JustKirill",
	"display": {
        "title": {
            "text": "Play 2 games",
            "color": "blue"
        },
        "description": {
            "text": "Play your 2nd game",
            "color": "aqua"
        },
        "icon": {
            "item": "minecraft:coal"
        },
        "frame": "task",
        "show_toast": true,
        "announce_to_chat": true,
        "hidden": false
    },
	"rewards": {
        "function": "puzzlewars:advrewards/50"
    },	
    "criteria": {
        "1": {
            "trigger": "minecraft:impossible"
        }
    },
    "parent": "pw:1game"
}