{
    "__comment": "Made by JustKirill",
    "display": {
        "title": {
            "text": "Play 5 games",
            "color": "blue"
        },
        "description": {
            "text": "Oh, this game is fine.",
            "color": "aqua"
        },
        "icon": {
            "item": "minecraft:iron_ingot"
        },
        "frame": "task",
        "show_toast": true,
        "announce_to_chat": true,
        "hidden": false
    },
	"rewards": {
        "function": "puzzlewars:advrewards/100"
    },	
    "criteria": {
        "1": {
            "trigger": "minecraft:impossible"
        }
    },
    "parent": "pw:2game"
}