{
    "__comment": "Made by JustKirill",
    "display": {
        "title": {
            "text": "Buy 1 frame"
        },
        "description": {
            "text": "Eh? Frame?"
        },
        "icon": {
            "item": "minecraft:item_frame"
        },
        "frame": "goal",
        "show_toast": true,
        "announce_to_chat": true,
        "hidden": false
    },
    "criteria": {
        "1": {
            "trigger": "minecraft:impossible"
        }
    },
    "parent": "pw:root"
}