{
    "__comment": "Made by JustKirill",
    "display": {
        "title": {
            "text": "Buy 10 islands",
            "color": "dark_gray"
        },
        "description": {
            "text": "Collect them all!",
            "color": "gray"
        },
        "icon": {
            "item": "minecraft:sand"
        },
        "frame": "task",
        "show_toast": true,
        "announce_to_chat": true,
        "hidden": false
    },
	
    "criteria": {
        "1": {
            "trigger": "minecraft:impossible"
        }
    },
    "parent": "pw:buy5i"
}