{
    "__comment": "Made by JustKirill",
    "display": {
        "title": {
            "text": "Buy health recovery",
            "color": "dark_purple"
        },
        "description": {
            "text": "Is it regeneraton?",
            "color": "light_purple"
        },
        "icon": {
            "item": "minecraft:golden_apple"
        },
        "frame": "goal",
        "show_toast": true,
        "announce_to_chat": true,
        "hidden": false
    },
    "criteria": {
        "1": {
            "trigger": "minecraft:impossible"
        }
    },
    "parent": "pw:root"
}