{
    "__comment": "Made by JustKirill",
    "display": {
        "title": {
            "text": "Buy 10 frames"
        },
        "description": {
            "text": "I am a collector."
        },
        "icon": {
            "item": "minecraft:item_frame"
        },
        "frame": "task",
        "show_toast": true,
        "announce_to_chat": true,
        "hidden": false
    },
	
    "criteria": {
        "1": {
            "trigger": "minecraft:impossible"
        }
    },
    "parent": "pw:buy5f"
}