{
    "__comment": "Made by JustKirill",
    "display": {
        "title": {
            "text": "Buy 1 island",
            "color": "dark_gray"
        },
        "description": {
            "text": "First island. So good!",
            "color": "gray"
        },
        "icon": {
            "item": "minecraft:dirt"
        },
        "frame": "goal",
        "show_toast": true,
        "announce_to_chat": true,
        "hidden": false
    },
    "criteria": {
        "1": {
            "trigger": "minecraft:impossible"
        }
    },
    "parent": "pw:root"
}