{
    "__comment": "Made by JustKirill",
    "display": {
        "title": {
            "text": "Buy 2 islands",
            "color": "dark_gray"
        },
        "description": {
            "text": "My second island. Very good!",
            "color": "gray"
        },
        "icon": {
            "item": "minecraft:grass_block"
        },
        "frame": "task",
        "show_toast": true,
        "announce_to_chat": true,
        "hidden": false
    },
    "criteria": {
        "1": {
            "trigger": "minecraft:impossible"
        }
    },
    "parent": "pw:buy1i"
}