{
    "__comment": "Made by JustKirill",
    "display": {
        "title": {
            "text": "Buy 3rd health recovery",
            "color": "dark_purple"
        },
        "description": {
            "text": "OMG! 25%?!",
            "color": "light_purple"
        },
        "icon": {
            "item": "minecraft:enchanted_golden_apple"
        },
        "frame": "task",
        "show_toast": true,
        "announce_to_chat": true,
        "hidden": false
    },
    "criteria": {
        "1": {
            "trigger": "minecraft:levitation"
        }
    },
    "parent": "pw:buy2r"
}