{
    "__comment": "Made by JustKirill",
    "display": {
        "title": {
            "text": "Buy 5th health recovery",
            "color": "dark_purple"
        },
        "description": {
            "text": "I am Deadpool LOL ;D",
            "color": "light_purple"
        },
        "icon": {
            "item": "minecraft:enchanted_golden_apple"
        },
        "frame": "challenge",
        "show_toast": true,
        "announce_to_chat": true,
        "hidden": false
    },
	
	
    "criteria": {
        "1": {
            "trigger": "minecraft:impossible"
        }
    },
    "parent": "pw:buy4r"
}