{
    "__comment": "Made by JustKirill",
    "display": {
        "title": {
            "text": "Buy 5 islands",
            "color": "dark_gray"
        },
        "description": {
            "text": "Very, very good!",
            "color": "gray"
        },
        "icon": {
            "item": "minecraft:stone"
        },
        "frame": "task",
        "show_toast": true,
        "announce_to_chat": true,
        "hidden": false
    },
    "criteria": {
        "1": {
            "trigger": "minecraft:impossible"
        }
    },
    "parent": "pw:buy2i"
}