{
    "__comment": "Made by JustKirill",
    "display": {
        "title": {
            "text": "Buy ALL frame"
        },
        "description": {
            "text": "Yay, cosmetics :3"
        },
        "icon": {
            "item": "minecraft:music_disc_11"
        },
        "frame": "challenge",
        "show_toast": true,
        "announce_to_chat": true,
        "hidden": false
    },
	
    "criteria": {
        "1": {
            "trigger": "minecraft:impossible"
        }
    },
    "parent": "pw:buy10f"
}