{
    "__comment": "Made by JustKirill",
    "display": {
        "title": {
            "text": "Blindness"
        },
        "description": {
            "text": "AHAHAHA!!! THEY WON'T SEE ANYTHING!",
            "color": "dark_red"
        },
        "icon": {
            "item": "minecraft:ink_sac"
        },
        "frame": "challenge",
        "show_toast": true,
        "announce_to_chat": true,
        "hidden": false
    },
	
    "criteria": {
        "1": {
            "trigger": "minecraft:impossible"
        }
    },
    "parent": "pw:buycr"
}