{
    "__comment": "Made by JustKirill",
    "display": {
        "title": {
            "text": "Buy one type of Cruelties"
        },
        "description": {
            "text": "Is it magic?"
        },
        "icon": {
            "item": "minecraft:nether_wart"
        },
        "frame": "goal",
        "show_toast": true,
        "announce_to_chat": true,
        "hidden": false
    },
	
    "criteria": {
        "1": {
            "trigger": "minecraft:impossible"
        }
    },
    "parent": "pw:root"
}