{
    "__comment": "Made by JustKirill",
    "display": {
        "title": {
            "text": "Fall into the void",
            "color": "black",
            "bold": true
        },
        "description": {
            "text": "AAAAAAAA!!!",
            "color": "dark_red",
            "bold": true
        },
        "icon": {
            "item": "minecraft:structure_void"
        },
        "frame": "goal",
        "show_toast": true,
        "announce_to_chat": true,
        "hidden": true
    },
    "criteria": {
        "1": {
            "trigger": "minecraft:impossible"
        }
    },
    "parent": "pw:root"
}