{
    "__comment": "Made by JustKirill",
    "display": {
        "title": {
            "text": "You joined the map, wow!",
            "color": "dark_green",
            "bold": true
        },
        "description": {
            "text": "Just joined the map.",
            "color": "green"
        },
        "icon": {
            "item": "minecraft:item_frame"
        },
        "frame": "goal",
        "show_toast": true,
        "announce_to_chat": true,
        "hidden": false,
        "background": "minecraft:textures/gui/advancements/backgrounds/stone.png"
    },
    "criteria": {
        "1": {
            "trigger": "minecraft:impossible"
        }
    }
}