{
    "__comment": "Made by JustKirill",
    "display": {
        "title": {
            "text": "Win 1 game",
            "color": "gold"
        },
        "description": {
            "text": "Oh, yeah! My first win!",
            "color": "yellow"
        },
        "icon": {
            "item": "minecraft:glowstone_dust"
        },
        "frame": "goal",
        "show_toast": true,
        "announce_to_chat": true,
        "hidden": false
    },
	"rewards": {
        "function": "puzzlewars:advrewards/50"
    },	
    "criteria": {
        "1": {
            "trigger": "minecraft:impossible"
        }
    },
    "parent": "pw:root"
}