{
    "__comment": "Made by JustKirill",
    "display": {
        "title": {
            "text": "Win 25 games",
            "color": "gold"
        },
        "description": {
            "text": "OK, I am a pro!",
            "color": "yellow"
        },
        "icon": {
            "item": "minecraft:nether_star"
        },
        "frame": "challenge",
        "show_toast": true,
        "announce_to_chat": true,
        "hidden": false
    },
	
	"rewards": {
        "function": "puzzlewars:advrewards/2000"
    },	
    "criteria": {
        "1": {
            "trigger": "minecraft:impossible"
        }
    },
    "parent": "pw:win10"
}