{
    "__comment": "Made by JustKirill",
    "display": {
        "title": {
            "text": "Win 5 games",
            "color": "gold"
        },
        "description": {
            "text": "I think I am a noob...",
            "color": "yellow"
        },
        "icon": {
            "item": "minecraft:gold_ingot"
        },
        "frame": "task",
        "show_toast": true,
        "announce_to_chat": true,
        "hidden": false
    },
	"rewards": {
        "function": "puzzlewars:advrewards/100"
    },	
    "criteria": {
        "1": {
            "trigger": "minecraft:impossible"
        }
    },
    "parent": "pw:win2"
}